City,Lat,lng,Max Temp,Humidity,Cloudiness,Wind Speed,Country,Date
east london,-33.02,27.91,67.08,87.0,99.0,21.32,ZA,1603754509.0
malpe,13.35,74.72,77.0,88.0,20.0,2.8,IN,1603754679.0
hofn,64.25,-15.21,36.54,78.0,4.0,10.74,IS,1603754679.0
sulangan,11.14,123.72,82.63,75.0,100.0,10.22,PH,1603754679.0
butaritari,3.07,172.79,81.72,67.0,77.0,9.82,KI,1603754679.0
kelvington,52.17,-103.53,20.08,93.0,5.0,7.47,CA,1603754680.0
ambulu,-8.35,113.61,77.18,87.0,74.0,1.61,ID,1603754680.0
cape town,-33.93,18.42,64.4,82.0,0.0,6.93,ZA,1603754408.0
naryan-mar,67.67,53.09,19.02,95.0,100.0,13.27,RU,1603754680.0
nome,64.5,-165.41,37.4,64.0,1.0,9.17,US,1603754621.0
kaeo,-35.1,173.78,68.94,69.0,29.0,6.73,NZ,1603754680.0
saint george,37.1,-113.58,51.01,9.0,1.0,21.92,US,1603754433.0
tuktoyaktuk,69.45,-133.04,10.4,78.0,40.0,13.87,CA,1603754681.0
ponta delgada,37.73,-25.67,68.0,82.0,40.0,14.99,PT,1603754124.0
berlevag,70.86,29.09,33.8,86.0,0.0,6.93,NO,1603754681.0
morki,56.43,48.99,27.99,94.0,0.0,5.57,RU,1603754681.0
castro,-24.79,-50.01,65.07,85.0,97.0,3.36,BR,1603754507.0
manzhouli,49.6,117.43,23.25,87.0,0.0,22.24,CN,1603754681.0
kant,27.8,79.8,67.32,30.0,0.0,4.74,IN,1603754682.0
tiksi,71.69,128.87,6.37,94.0,99.0,6.62,RU,1603754682.0
road town,18.42,-64.62,82.4,83.0,40.0,12.75,VG,1603754393.0
albany,42.6,-73.97,50.0,98.0,100.0,3.0,US,1603754600.0
new norfolk,-42.78,147.06,55.0,57.0,99.0,3.0,AU,1603754682.0
ancud,-41.87,-73.82,50.0,66.0,20.0,8.05,CL,1603754600.0
dikson,73.51,80.55,11.03,95.0,93.0,16.13,RU,1603754578.0
hobart,-42.88,147.33,55.99,50.0,75.0,8.05,AU,1603754450.0
smithers,54.78,-127.17,33.8,86.0,75.0,2.98,CA,1603754683.0
matamoros,25.53,-103.25,93.2,16.0,5.0,3.04,MX,1603754683.0
jamestown,42.1,-79.24,45.0,87.0,90.0,5.82,US,1603754405.0
atuona,-9.8,-139.03,79.02,73.0,93.0,19.44,PF,1603754525.0
hamilton,39.18,-84.53,50.0,81.0,90.0,6.93,US,1603754103.0
kapaa,22.08,-159.32,82.4,69.0,75.0,4.7,US,1603754528.0
odoyev,53.94,36.69,42.75,85.0,100.0,6.08,RU,1603754684.0
rikitea,-23.12,-134.97,74.71,85.0,100.0,17.09,PF,1603754684.0
punta arenas,-53.15,-70.92,50.0,65.0,20.0,23.04,CL,1603754494.0
ushuaia,-54.8,-68.3,50.0,31.0,20.0,21.92,AR,1603754684.0
faanui,-16.48,-151.75,80.4,77.0,68.0,17.83,PF,1603754093.0
dunedin,-45.87,170.5,54.0,68.0,82.0,7.0,NZ,1603754685.0
port lincoln,-34.73,135.87,58.15,79.0,17.0,10.8,AU,1603754554.0
cabo san lucas,22.89,-109.91,86.0,58.0,5.0,13.87,MX,1603754685.0
bluff,-46.6,168.33,55.99,70.0,56.0,5.01,NZ,1603754685.0
chekhov,55.14,37.47,43.0,80.0,84.0,6.71,RU,1603754568.0
qaanaaq,77.48,-69.36,8.02,75.0,78.0,9.15,GL,1603754686.0
busselton,-33.65,115.33,63.0,77.0,69.0,12.21,AU,1603754686.0
luanda,-8.84,13.23,77.0,83.0,75.0,5.82,AO,1603754661.0
hilo,19.73,-155.09,79.0,83.0,90.0,5.82,US,1603754686.0
hermanus,-34.42,19.23,64.0,86.0,54.0,5.99,ZA,1603754687.0
mar del plata,-38.0,-57.56,57.2,67.0,0.0,5.82,AR,1603754541.0
cozumel,20.51,-86.95,82.4,74.0,90.0,28.86,MX,1603754687.0
ocean springs,30.41,-88.83,77.0,69.0,1.0,5.82,US,1603754687.0
victoria,22.29,114.16,75.0,77.0,86.0,4.0,HK,1603754539.0
yellowknife,62.46,-114.35,23.0,67.0,75.0,6.93,CA,1603754687.0
khatanga,71.97,102.5,2.55,94.0,82.0,9.64,RU,1603754688.0
avarua,-21.21,-159.78,75.2,69.0,100.0,19.46,CK,1603754688.0
bambous virieux,-20.34,57.76,72.0,83.0,40.0,6.93,MU,1603754688.0
sambava,-14.27,50.17,70.65,86.0,3.0,7.67,MG,1603754113.0
nikolskoye,59.7,30.79,48.99,87.0,75.0,6.71,RU,1603754688.0
port hedland,-20.32,118.57,73.4,88.0,40.0,5.39,AU,1603754519.0
labrea,-7.26,-64.8,81.21,67.0,57.0,2.55,BR,1603754688.0
isabela,6.71,121.97,80.6,88.0,75.0,4.7,PH,1603754689.0
mataura,-46.19,168.86,55.99,70.0,87.0,5.01,NZ,1603754689.0
vaini,-21.2,-175.2,77.0,88.0,75.0,9.17,TO,1603754689.0
gambiran,-6.8,111.5,77.38,85.0,99.0,3.53,ID,1603754689.0
half moon bay,37.46,-122.43,75.2,24.0,1.0,5.82,US,1603754611.0
waingapu,-9.66,120.26,81.3,68.0,49.0,4.52,ID,1603754690.0
san quintin,30.48,-115.95,69.33,38.0,14.0,9.66,MX,1603754690.0
kalemie,-5.95,29.19,71.89,77.0,83.0,3.83,CD,1603754690.0
raga,8.46,25.68,71.85,67.0,81.0,2.84,SS,1603754690.0
catacamas,14.8,-85.9,74.8,85.0,100.0,2.64,HN,1603754690.0
bengkulu,-3.8,102.27,74.39,81.0,100.0,3.06,ID,1603754691.0
aklavik,68.22,-135.01,12.2,85.0,75.0,5.82,CA,1603754536.0
cherskiy,68.75,161.3,4.3,93.0,22.0,6.33,RU,1603754566.0
tessalit,20.2,1.01,78.42,17.0,8.0,9.53,ML,1603754691.0
bredasdorp,-34.53,20.04,64.4,88.0,99.0,8.05,ZA,1603754406.0
saskylakh,71.92,114.08,-0.65,91.0,93.0,5.77,RU,1603754692.0
oktyabrskiy,54.48,53.47,28.74,91.0,92.0,13.06,RU,1603754692.0
carnarvon,-24.87,113.63,69.8,83.0,0.0,19.46,AU,1603754692.0
cockburn town,21.46,-71.14,82.98,80.0,94.0,19.6,TC,1603754126.0
kerema,-7.96,145.78,81.39,77.0,100.0,0.78,PG,1603754692.0
simpang empat,4.95,100.63,75.0,100.0,20.0,3.11,MY,1603754693.0
sovetskiy,61.36,63.58,24.13,95.0,98.0,12.88,RU,1603754693.0
ilulissat,69.22,-51.1,19.4,73.0,100.0,5.82,GL,1603754550.0
khasan,42.43,130.64,49.44,70.0,100.0,2.55,RU,1603754693.0
port elizabeth,-33.92,25.57,64.4,88.0,90.0,16.11,ZA,1603754693.0
barrow,71.29,-156.79,19.4,85.0,90.0,6.93,US,1603754544.0
wagar,16.15,36.2,80.91,54.0,0.0,11.03,SD,1603754694.0
eston,51.15,-108.75,37.4,34.0,75.0,14.99,CA,1603754694.0
luderitz,-26.65,15.16,60.75,73.0,0.0,12.15,NA,1603754063.0
longyearbyen,78.22,15.64,24.8,79.0,75.0,9.17,SJ,1603754522.0
ahipara,-35.17,173.17,68.52,73.0,30.0,6.22,NZ,1603754695.0
znamenskoye,57.13,73.83,42.6,95.0,100.0,8.93,RU,1603754695.0
yining,29.04,114.56,57.02,80.0,26.0,0.74,CN,1603754695.0
xining,36.62,101.77,33.13,92.0,100.0,2.95,CN,1603754695.0
rotterdam,51.92,4.48,50.0,87.0,20.0,13.87,NL,1603754695.0
mahebourg,-20.41,57.7,71.6,83.0,40.0,6.93,MU,1603754695.0
georgetown,5.41,100.34,75.0,94.0,20.0,5.12,MY,1603754636.0
riyadh,24.69,46.72,62.6,39.0,0.0,3.06,SA,1603754511.0
kailua,21.4,-157.74,84.2,70.0,40.0,6.93,US,1603754107.0
kodiak,57.79,-152.41,51.8,64.0,1.0,28.86,US,1603754506.0
arlit,18.74,7.39,77.38,17.0,0.0,9.51,NE,1603754112.0
rettikhovka,44.17,132.77,39.81,71.0,100.0,4.27,RU,1603754696.0
kostomuksha,64.57,30.58,44.08,95.0,100.0,10.29,RU,1603754697.0
yerbogachen,61.28,108.01,20.64,96.0,100.0,4.21,RU,1603754697.0
tirat karmel,32.76,34.97,72.41,58.0,0.0,5.26,IL,1603754697.0
nadvoitsy,63.87,34.32,43.95,93.0,100.0,13.38,RU,1603754697.0
tasiilaq,65.61,-37.64,33.8,47.0,100.0,20.8,GL,1603754448.0
batagay,67.63,134.63,7.32,88.0,100.0,2.19,RU,1603754698.0
tabou,4.42,-7.35,77.72,90.0,68.0,9.57,CI,1603754698.0
harindanga,22.04,88.32,73.4,83.0,20.0,5.23,IN,1603754698.0
norman wells,65.28,-126.83,26.6,79.0,90.0,18.34,CA,1603754698.0
khandyga,62.67,135.6,15.89,87.0,99.0,2.71,RU,1603754516.0
bilibino,68.05,166.44,5.94,93.0,98.0,2.82,RU,1603754699.0
novo aripuana,-5.12,-60.38,82.18,70.0,62.0,2.01,BR,1603754699.0
port alfred,-33.59,26.89,66.27,85.0,90.0,25.5,ZA,1603754517.0
kjopsvik,68.1,16.37,46.99,76.0,92.0,11.41,NO,1603754527.0
dudinka,69.41,86.18,-0.4,84.0,90.0,1.23,RU,1603754699.0
harper,4.38,-7.72,77.79,90.0,82.0,9.24,LR,1603754700.0
vestmanna,62.16,-7.17,35.6,77.0,13.0,3.36,FO,1603754700.0
flinders,-34.58,150.86,60.01,86.0,99.0,5.01,AU,1603754700.0
turukhansk,65.82,87.98,-1.28,88.0,0.0,6.76,RU,1603754404.0
kendari,-3.94,122.5,80.82,75.0,100.0,0.78,ID,1603754701.0
yulara,-25.24,130.99,71.6,21.0,0.0,13.87,AU,1603754701.0
eyrarbakki,63.86,-21.15,41.0,65.0,0.0,13.87,IS,1603754701.0
kaeng khoi,14.59,101.0,75.99,77.0,100.0,3.18,TH,1603754701.0
katherine,-14.47,132.27,78.8,65.0,97.0,6.93,AU,1603754702.0
lambarene,-0.7,10.24,75.94,88.0,97.0,4.38,GA,1603754702.0
imeni poliny osipenko,52.42,136.49,32.22,86.0,0.0,1.77,RU,1603754702.0
george,-33.96,22.46,60.8,100.0,1.0,2.24,ZA,1603754702.0
houma,29.6,-90.72,78.8,65.0,40.0,5.82,US,1603754539.0
port hardy,50.7,-127.42,46.4,93.0,90.0,8.05,CA,1603754113.0
mwene-ditu,-7.0,23.45,66.99,98.0,100.0,4.36,CD,1603754463.0
popondetta,-8.75,148.25,89.73,52.0,96.0,1.99,PG,1603754703.0
brenham,30.17,-96.4,57.2,93.0,90.0,12.75,US,1603754703.0
woodstock,43.13,-80.75,43.0,87.0,90.0,8.05,CA,1603754703.0
bambanglipuro,-7.95,110.28,77.14,86.0,85.0,5.23,ID,1603754704.0
coahuayana,18.73,-103.68,80.6,78.0,75.0,11.41,MX,1603754704.0
cayenne,4.93,-52.33,80.6,88.0,90.0,3.36,GF,1603754070.0
thompson,55.74,-97.86,28.4,50.0,20.0,4.7,CA,1603754705.0
olafsvik,64.89,-23.71,40.59,74.0,100.0,16.26,IS,1603754705.0
coquimbo,-29.95,-71.34,57.2,82.0,0.0,13.87,CL,1603754482.0
homer,59.64,-151.55,44.6,65.0,75.0,25.28,US,1603754625.0
hithadhoo,-0.6,73.08,83.08,65.0,65.0,7.4,MV,1603754572.0
progreso,21.28,-89.67,82.99,88.0,90.0,9.17,MX,1603754706.0
rio blanco,18.83,-97.15,72.61,63.0,50.0,4.14,MX,1603754706.0
lavrentiya,65.58,-171.0,31.64,91.0,8.0,5.61,RU,1603754706.0
henties bay,-22.12,14.28,55.99,93.0,0.0,1.99,NA,1603754706.0
ostrovnoy,68.05,39.51,41.2,93.0,100.0,29.24,RU,1603754172.0
broome,42.25,-75.83,55.99,93.0,90.0,9.17,US,1603754109.0
lagoa,39.05,-27.98,68.07,92.0,100.0,23.69,PT,1603754707.0
provideniya,64.38,-173.3,32.0,92.0,90.0,4.47,RU,1603754707.0
mount gambier,-37.83,140.77,55.4,71.0,40.0,17.22,AU,1603754707.0
nanortalik,60.14,-45.24,33.46,91.0,94.0,13.51,GL,1603754708.0
pochutla,15.74,-96.47,87.8,66.0,90.0,8.05,MX,1603754124.0
kaitangata,-46.28,169.85,54.0,67.0,89.0,11.99,NZ,1603754158.0
alofi,-19.06,-169.92,75.76,81.0,83.0,26.02,NU,1603754160.0
zhigansk,66.77,123.37,-0.94,92.0,100.0,11.56,RU,1603754708.0
udachnyy,66.42,112.4,-7.6,76.0,96.0,2.01,RU,1603754708.0
del rio,29.36,-100.9,48.2,70.0,90.0,17.22,US,1603754610.0
nemuro,43.32,145.57,50.31,76.0,32.0,8.55,JP,1603753997.0
seoul,37.57,126.98,46.4,100.0,1.0,0.63,KR,1603754605.0
marawi,8.0,124.29,77.0,85.0,100.0,5.01,PH,1603754158.0
puerto ayora,-0.74,-90.35,70.0,87.0,68.0,3.0,EC,1603754412.0
morant bay,17.88,-76.41,82.99,83.0,20.0,12.75,JM,1603754709.0
barinas,8.62,-70.21,77.38,89.0,48.0,3.89,VE,1603754709.0
codrington,-38.27,141.97,56.64,73.0,49.0,14.72,AU,1603754710.0
rawson,-43.3,-65.1,66.61,36.0,100.0,12.53,AR,1603754160.0
port shepstone,-30.74,30.45,64.49,85.0,74.0,2.24,ZA,1603754710.0
souillac,-20.52,57.52,71.6,83.0,40.0,6.93,MU,1603754710.0
san cristobal,7.77,-72.22,69.71,86.0,50.0,1.88,VE,1603754053.0
hervey bay,-25.3,152.85,77.0,88.0,98.0,5.01,AU,1603754710.0
elko,41.0,-115.5,48.0,13.0,1.0,16.11,US,1603754711.0
cartagena,10.4,-75.51,84.2,83.0,40.0,8.05,CO,1603754711.0
klaksvik,62.23,-6.59,35.6,67.0,27.0,3.36,FO,1603754711.0
grand gaube,-20.01,57.66,72.0,76.0,1.0,5.01,MU,1603754711.0
ferkessedougou,9.6,-5.2,77.18,49.0,92.0,3.02,CI,1603754711.0
haines junction,60.75,-137.51,41.0,69.0,21.0,12.35,CA,1603754538.0
tulum,20.22,-87.47,76.77,91.0,100.0,11.43,MX,1603754712.0
mocuba,-16.84,36.99,70.05,94.0,17.0,2.33,MZ,1603754712.0
abaza,52.66,90.09,34.27,85.0,100.0,3.36,RU,1603754712.0
acapulco,16.86,-99.89,84.2,83.0,75.0,8.05,MX,1603754537.0
saint-philippe,-21.36,55.77,71.6,78.0,48.0,3.36,RE,1603754563.0
necochea,-38.55,-58.74,57.99,72.0,0.0,7.0,AR,1603754598.0
waw,7.7,28.0,73.74,85.0,100.0,3.69,SS,1603754713.0
nyurba,63.28,118.33,12.92,86.0,98.0,2.71,RU,1603754159.0
nicoya,10.15,-85.45,77.0,94.0,75.0,3.36,CR,1603754713.0
hirara,24.8,125.28,77.0,73.0,40.0,12.75,JP,1603754713.0
clyde river,70.47,-68.59,10.44,86.0,7.0,4.59,CA,1603754656.0
guerrero negro,27.98,-114.06,73.78,35.0,1.0,23.38,MX,1603753877.0
grimma,51.23,12.72,50.0,85.0,96.0,3.0,DE,1603754714.0
peleduy,59.63,112.74,17.17,96.0,83.0,1.95,RU,1603754714.0
goderich,43.75,-81.72,46.0,83.0,100.0,12.08,CA,1603754714.0
mount isa,-20.73,139.5,73.4,18.0,75.0,11.41,AU,1603754511.0
biak,-0.91,122.88,79.3,74.0,99.0,3.11,ID,1603754715.0
srostki,52.42,85.7,37.96,77.0,100.0,5.46,RU,1603754715.0
sao filipe,14.9,-24.5,80.56,77.0,100.0,6.96,CV,1603754716.0
uspenskaya,45.76,41.07,54.21,56.0,23.0,16.89,RU,1603754716.0
beloha,-25.17,45.05,65.34,92.0,0.0,3.89,MG,1603754128.0
bethel,41.37,-73.41,53.6,93.0,90.0,4.7,US,1603754442.0
kvitok,56.07,98.48,31.91,98.0,100.0,4.92,RU,1603754717.0
yugawara,35.15,139.07,63.0,78.0,32.0,1.01,JP,1603754717.0
viedma,-40.81,-63.0,69.01,25.0,10.0,1.99,AR,1603754424.0
baoqing,46.33,132.21,40.57,74.0,100.0,5.86,CN,1603754717.0
alberton,46.82,-64.07,40.96,76.0,100.0,14.12,CA,1603754718.0
torbay,47.67,-52.73,36.0,64.0,75.0,10.29,CA,1603754718.0
turmalina,-17.29,-42.73,69.22,88.0,35.0,1.7,BR,1603754718.0
evensk,61.95,159.23,30.9,89.0,100.0,11.97,RU,1603754718.0
asau,46.43,26.4,48.99,98.0,2.0,3.74,RO,1603754718.0
fortuna,40.6,-124.16,66.99,25.0,20.0,13.87,US,1603754144.0
cidreira,-30.18,-50.21,68.34,95.0,100.0,13.04,BR,1603754719.0
upernavik,72.79,-56.15,17.78,82.0,99.0,5.35,GL,1603754593.0
quatre cocos,-20.21,57.76,72.0,83.0,40.0,6.93,MU,1603754172.0
negara,-8.32,114.6,78.12,83.0,96.0,4.45,ID,1603754719.0
chuy,-33.7,-53.46,58.05,89.0,100.0,13.49,UY,1603754719.0
beringovskiy,63.05,179.32,32.92,87.0,0.0,2.68,RU,1603754720.0
shawville,45.6,-76.48,39.99,94.0,100.0,4.72,CA,1603754720.0
anjozorobe,-18.4,47.87,62.6,82.0,75.0,5.82,MG,1603754720.0
synya,65.37,58.04,15.94,96.0,76.0,3.27,RU,1603754720.0
pilar,-9.6,-35.96,77.0,83.0,0.0,11.41,BR,1603754720.0
vredendal,-31.67,18.5,57.85,86.0,4.0,4.63,ZA,1603754720.0
saldanha,-33.01,17.94,59.0,93.0,9.0,3.36,ZA,1603754721.0
conakry,9.54,-13.68,81.19,84.0,79.0,8.43,GN,1603754721.0
ponta do sol,32.67,-17.1,66.2,72.0,40.0,12.75,PT,1603754721.0
carauari,-4.88,-66.9,82.72,71.0,41.0,1.5,BR,1603754721.0
anadyr,64.75,177.48,19.4,92.0,75.0,4.47,RU,1603754721.0
chumikan,54.72,135.31,33.04,84.0,69.0,2.19,RU,1603754721.0
mattru,7.62,-11.83,75.09,97.0,72.0,3.09,SL,1603754722.0
bergama,39.12,27.18,59.0,93.0,0.0,4.7,TR,1603754722.0
champerico,14.3,-91.92,82.4,83.0,40.0,4.7,GT,1603754627.0
feldkirchen-westerham,47.91,11.84,37.99,1.0,100.0,4.14,DE,1603754722.0
littleton,39.61,-105.02,19.0,66.0,40.0,1.36,US,1603754562.0
miles city,46.41,-105.84,24.8,53.0,90.0,6.93,US,1603754722.0
north bend,43.41,-124.22,60.01,50.0,1.0,18.34,US,1603754723.0
la ronge,55.1,-105.28,28.4,58.0,75.0,8.05,CA,1603754723.0
vestmannaeyjar,63.44,-20.27,43.05,75.0,100.0,29.24,IS,1603754723.0
gornozavodsk,58.38,58.32,20.98,94.0,11.0,8.16,RU,1603754723.0
mus,39.0,41.75,41.72,56.0,0.0,2.33,TR,1603754723.0
itarema,-2.92,-39.92,78.73,82.0,0.0,14.09,BR,1603754724.0
kavieng,-2.57,150.8,85.03,63.0,80.0,6.38,PG,1603754724.0
sitka,57.05,-135.33,47.64,87.0,100.0,6.08,US,1603754159.0
homestead,25.47,-80.48,78.01,94.0,90.0,3.36,US,1603754456.0
san patricio,28.02,-97.52,84.2,66.0,20.0,18.34,US,1603754145.0
pusad,19.9,77.58,72.7,70.0,20.0,2.46,IN,1603754724.0
tarakan,3.3,117.63,78.64,82.0,99.0,9.86,ID,1603754725.0
quesnel,53.0,-122.5,32.0,89.0,90.0,14.99,CA,1603754725.0
caravelas,-17.71,-39.25,74.93,86.0,3.0,7.25,BR,1603754725.0
santa fe,-31.63,-60.7,66.99,57.0,0.0,4.45,AR,1603754677.0
qaqortoq,60.72,-46.03,41.0,27.0,97.0,14.99,GL,1603754560.0
jala,21.08,-104.43,80.01,62.0,19.0,6.24,MX,1603754726.0
lasa,46.62,10.7,46.99,67.0,75.0,5.82,IT,1603754557.0
wahiawa,21.5,-158.02,84.2,78.0,75.0,6.93,US,1603754726.0
narsaq,60.92,-46.05,41.0,27.0,95.0,14.99,GL,1603754606.0
bubaque,11.28,-15.83,82.54,83.0,0.0,13.62,GW,1603754726.0
mirnyy,62.54,113.96,5.0,77.0,40.0,2.24,RU,1603754726.0
paka,4.64,103.44,75.2,94.0,20.0,3.47,MY,1603754727.0
ojinaga,29.57,-104.42,71.6,33.0,1.0,21.92,MX,1603754143.0
ulladulla,-35.35,150.47,60.8,77.0,75.0,11.41,AU,1603754727.0
jalu,29.03,21.55,67.64,56.0,2.0,4.23,LY,1603754727.0
barvinkove,48.91,37.02,51.17,59.0,94.0,13.22,UA,1603754727.0
sao joao da barra,-21.64,-41.05,72.36,88.0,24.0,7.72,BR,1603754728.0
matay,28.42,30.78,68.58,83.0,0.0,8.57,EG,1603754728.0
kuito,-12.38,16.93,66.72,67.0,72.0,8.97,AO,1603754728.0
port blair,11.67,92.75,79.2,80.0,9.0,3.06,IN,1603754728.0
bandarbeyla,9.49,50.81,75.47,79.0,51.0,12.15,SO,1603754728.0
namatanai,-3.67,152.43,84.65,64.0,39.0,5.55,PG,1603754649.0
leningradskiy,69.38,178.42,27.03,97.0,100.0,13.6,RU,1603754729.0
atambua,-9.11,124.89,80.06,71.0,71.0,2.1,ID,1603754729.0
tucano,-10.96,-38.79,75.83,82.0,88.0,14.16,BR,1603754729.0
sabang,5.89,95.32,82.2,74.0,66.0,17.6,ID,1603754572.0
taoudenni,22.68,-3.98,85.06,20.0,4.0,6.93,ML,1603754466.0
faya,18.39,42.45,59.0,24.0,0.0,3.78,SA,1603754730.0
samarai,-10.62,150.67,81.9,81.0,96.0,9.24,PG,1603754730.0
shuangcheng,45.35,126.28,41.0,80.0,0.0,8.95,CN,1603754730.0
geraldton,-28.77,114.6,62.6,88.0,15.0,7.47,AU,1603754730.0
kuantan,3.81,103.33,75.2,94.0,20.0,3.36,MY,1603754731.0
atar,20.52,-13.05,87.82,15.0,2.0,6.15,MR,1603754731.0
nobeoka,32.58,131.67,60.82,65.0,0.0,3.47,JP,1603754731.0
esperance,-33.87,121.9,62.6,88.0,0.0,6.93,AU,1603754731.0
richards bay,-28.78,32.04,67.41,83.0,100.0,0.72,ZA,1603754731.0
tucupita,9.06,-62.05,76.37,95.0,96.0,3.38,VE,1603754731.0
salalah,17.02,54.09,75.2,60.0,0.0,4.7,OM,1603754550.0
chokurdakh,70.63,147.92,4.48,95.0,99.0,10.33,RU,1603754732.0
havoysund,71.0,24.66,35.6,74.0,0.0,5.82,NO,1603754732.0
iqaluit,63.75,-68.51,17.6,85.0,90.0,3.36,CA,1603754554.0
laguna,38.42,-121.42,73.99,8.0,1.0,16.11,US,1603754545.0
vao,-22.67,167.48,73.36,83.0,5.0,20.98,NC,1603754732.0
dingle,11.0,122.67,78.51,88.0,100.0,5.59,PH,1603754733.0
kysyl-syr,63.9,122.76,6.42,93.0,98.0,5.44,RU,1603754733.0
merida,20.97,-89.62,82.99,88.0,90.0,9.17,MX,1603754673.0
qom,34.64,50.88,54.73,39.0,0.0,3.24,IR,1603754513.0
alta gracia,-31.65,-64.43,73.4,23.0,0.0,11.41,AR,1603754460.0
amapa,1.0,-52.0,82.13,65.0,61.0,5.93,BR,1603754734.0
kargasok,59.06,80.86,29.26,98.0,100.0,16.2,RU,1603754735.0
ferme-neuve,46.7,-75.45,33.6,95.0,100.0,4.38,CA,1603754735.0
shirokiy,49.76,129.52,37.31,79.0,100.0,12.93,RU,1603754735.0
zyryanka,65.75,150.85,5.88,92.0,0.0,1.81,RU,1603754735.0
puerto penasco,31.32,-113.53,64.4,9.0,5.0,21.92,MX,1603754552.0
morondava,-20.28,44.28,75.13,72.0,44.0,6.35,MG,1603754144.0
airai,-8.93,125.41,67.5,83.0,65.0,1.77,TL,1603754502.0
ribeira grande,38.52,-28.7,68.72,90.0,98.0,19.84,PT,1603754736.0
sterlibashevo,53.44,55.26,28.72,92.0,99.0,20.29,RU,1603754736.0
caronport,50.45,-105.82,35.6,34.0,20.0,10.29,CA,1603754737.0
talnakh,69.49,88.4,-0.4,84.0,90.0,2.66,RU,1603754737.0
fairbanks,64.84,-147.72,30.0,92.0,90.0,4.18,US,1603754664.0
gonzalez,30.58,-87.29,78.8,74.0,1.0,4.7,US,1603754737.0
wanlaweyn,2.62,44.89,78.01,85.0,99.0,6.02,SO,1603754737.0
kapoeta,4.77,33.59,79.12,56.0,40.0,3.69,SS,1603754737.0
dakar,14.69,-17.44,77.0,94.0,7.0,4.47,SN,1603754649.0
port hawkesbury,45.62,-61.35,43.0,75.0,90.0,5.82,CA,1603754517.0
nandura,20.83,76.45,70.57,56.0,0.0,1.81,IN,1603754738.0
lubbock,33.6,-101.83,25.0,92.0,90.0,16.11,US,1603754738.0
poronaysk,49.22,143.12,41.02,77.0,58.0,6.22,RU,1603754738.0
namibe,-15.2,12.15,69.35,79.0,69.0,3.29,AO,1603754739.0
pisco,-13.7,-76.22,66.2,72.0,0.0,16.11,PE,1603754739.0
kattivakkam,13.22,80.32,78.8,94.0,40.0,3.36,IN,1603754739.0
abadiania,-16.2,-48.71,68.0,88.0,75.0,2.24,BR,1603754739.0
tongzi,28.78,105.09,63.12,74.0,95.0,1.57,CN,1603754739.0
padang,-0.95,100.35,77.97,71.0,100.0,2.77,ID,1603754740.0
colares,38.8,-9.45,57.0,81.0,0.0,3.36,PT,1603754740.0
shemonaikha,50.63,81.91,39.74,64.0,100.0,14.5,KZ,1603754740.0
bichura,50.59,107.6,24.89,81.0,2.0,2.86,RU,1603754740.0
antofagasta,-23.65,-70.4,60.8,72.0,90.0,13.87,CL,1603754550.0
lompoc,34.64,-120.46,68.0,42.0,20.0,11.41,US,1603754741.0
vardo,70.37,31.11,35.6,86.0,75.0,12.75,NO,1603754741.0
nadym,65.53,72.52,6.19,94.0,0.0,9.1,RU,1603754741.0
mindelo,16.89,-24.98,78.8,74.0,75.0,33.33,CV,1603754741.0
labuhan,-6.88,112.21,79.2,82.0,78.0,11.14,ID,1603754554.0
mehamn,71.04,27.85,33.8,80.0,0.0,13.87,NO,1603754161.0
boa vista,2.82,-60.67,91.4,46.0,20.0,3.36,BR,1603754742.0
pevek,69.7,170.31,23.04,94.0,98.0,18.07,RU,1603754742.0
misratah,32.38,15.09,72.28,76.0,0.0,13.2,LY,1603754742.0
numan,9.47,12.03,77.59,33.0,36.0,0.78,NG,1603754742.0
san isidro,-12.12,-77.05,64.4,77.0,0.0,13.87,PE,1603754743.0
islamkot,24.7,70.18,77.47,34.0,0.0,8.01,PK,1603754645.0
bilyayivka,46.48,30.22,60.8,100.0,20.0,11.18,UA,1603754743.0
traralgon,-38.18,146.53,55.0,96.0,100.0,4.0,AU,1603754743.0
corrientes,-27.48,-58.83,75.2,57.0,20.0,9.17,AR,1603754448.0
abu samrah,35.3,37.18,69.12,23.0,0.0,11.5,SY,1603754744.0
khoy,38.55,44.95,55.31,40.0,0.0,1.25,IR,1603754744.0
srednekolymsk,67.45,153.68,7.3,91.0,0.0,5.86,RU,1603754744.0
calabozo,8.92,-67.43,77.02,91.0,56.0,4.88,VE,1603754744.0
orlik,52.52,99.83,14.68,89.0,89.0,3.58,RU,1603754744.0
romitan,39.93,64.38,46.4,57.0,0.0,1.01,UZ,1603754745.0
san jose,37.34,-121.89,75.99,5.0,20.0,14.99,US,1603754700.0
aguimes,27.91,-15.45,71.6,73.0,20.0,13.87,ES,1603754745.0
savannah bight,16.45,-85.85,83.5,74.0,100.0,8.88,HN,1603754745.0
arraial do cabo,-22.97,-42.03,71.6,94.0,40.0,2.24,BR,1603754745.0
kawambwa,-9.79,29.08,67.66,74.0,42.0,1.16,ZM,1603754746.0
yuci,37.68,112.73,46.4,28.0,0.0,4.47,CN,1603754746.0
chesley,44.3,-81.1,41.0,93.0,100.0,6.15,CA,1603754746.0
ubauro,28.17,69.73,64.87,27.0,0.0,1.36,PK,1603754746.0
hambantota,6.12,81.12,78.08,84.0,96.0,6.98,LK,1603754601.0
taquaritinga do norte,-7.9,-36.04,68.16,89.0,1.0,12.1,BR,1603754747.0
fredericton,45.95,-66.67,37.4,93.0,90.0,5.82,CA,1603754642.0
obanazawa,38.6,140.4,48.2,93.0,20.0,1.12,JP,1603754747.0
oistins,13.07,-59.53,75.2,94.0,75.0,11.41,BB,1603754747.0
sobolevo,54.43,31.9,43.99,91.0,65.0,9.64,RU,1603754747.0
abrau-dyurso,44.69,37.59,50.0,81.0,37.0,4.47,RU,1603754747.0
bintulu,3.17,113.03,75.2,94.0,40.0,6.93,MY,1603754585.0
bukachacha,52.98,116.92,22.75,91.0,68.0,7.34,RU,1603754748.0
pervomayskiy,53.25,40.29,43.83,87.0,100.0,7.72,RU,1603754748.0
pizarro,4.95,-77.37,78.8,85.0,97.0,5.66,CO,1603754748.0
bathsheba,13.22,-59.52,75.2,94.0,75.0,11.41,BB,1603754748.0
omsukchan,62.53,155.8,16.11,94.0,100.0,7.56,RU,1603754748.0
minot,48.23,-101.3,28.4,46.0,1.0,11.41,US,1603754463.0
beyneu,45.32,55.2,38.88,72.0,0.0,7.83,KZ,1603754749.0
puerto el triunfo,13.28,-88.55,80.6,88.0,40.0,1.12,SV,1603754749.0
valley city,46.92,-98.0,17.6,67.0,1.0,18.34,US,1603754749.0
panchagarh,26.33,88.56,69.69,85.0,0.0,2.62,BD,1603754750.0
margate,51.38,1.39,51.01,81.0,46.0,1.99,GB,1603754646.0
levelland,33.59,-102.38,25.0,92.0,90.0,16.11,US,1603754750.0
kahului,20.89,-156.47,89.6,52.0,40.0,8.05,US,1603754750.0
palmer,42.16,-72.33,50.0,100.0,90.0,5.08,US,1603754750.0
wajima,37.4,136.9,57.2,76.0,75.0,4.68,JP,1603754750.0
sterling,39.01,-77.43,60.01,93.0,75.0,1.16,US,1603754571.0
camacha,33.08,-16.33,66.2,68.0,40.0,8.05,PT,1603754751.0
roald,62.58,6.13,45.0,93.0,34.0,1.12,NO,1603754751.0
eirunepe,-6.66,-69.87,81.41,73.0,77.0,1.57,BR,1603754751.0
bougouni,11.42,-7.48,74.48,34.0,81.0,0.72,ML,1603754751.0
severo-kurilsk,50.68,156.12,43.88,82.0,95.0,3.31,RU,1603754538.0
caldas novas,-17.74,-48.62,73.89,77.0,90.0,2.37,BR,1603754752.0
inirida,3.87,-67.92,79.16,83.0,95.0,2.75,CO,1603754752.0
tambun,-6.26,107.07,79.0,88.0,100.0,2.98,ID,1603754752.0
oregon city,45.36,-122.61,55.4,28.0,1.0,4.7,US,1603754752.0
comodoro rivadavia,-45.87,-67.5,64.4,42.0,0.0,13.87,AR,1603754753.0
husavik,66.04,-17.34,37.4,59.0,90.0,6.93,IS,1603754568.0
tupik,54.43,119.93,24.78,96.0,100.0,11.34,RU,1603754753.0
sumbawanga,-7.97,31.62,68.0,72.0,20.0,4.7,TZ,1603754753.0
mandera,3.94,41.87,80.83,67.0,78.0,9.51,KE,1603754753.0
chhagalnaiya,23.03,91.51,73.74,93.0,2.0,2.8,BD,1603754753.0
arman,59.7,150.17,33.51,83.0,83.0,12.3,RU,1603754754.0
ustynivka,47.96,32.54,51.8,66.0,0.0,8.95,UA,1603754754.0
hasaki,35.73,140.83,61.0,87.0,40.0,10.29,JP,1603754754.0
batagay-alyta,67.8,130.41,7.72,91.0,100.0,2.46,RU,1603754157.0
bogatoye,53.06,51.33,29.59,94.0,0.0,9.86,RU,1603754754.0
miri,4.41,114.01,75.0,100.0,40.0,6.93,MY,1603754755.0
wajir,1.75,40.06,79.79,63.0,87.0,16.04,KE,1603754755.0
eldorado,-23.79,-54.28,70.52,87.0,45.0,4.45,BR,1603754755.0
cabedelo,-6.98,-34.83,78.8,83.0,40.0,4.7,BR,1603754755.0
tambura,5.6,27.47,71.11,90.0,100.0,0.45,SS,1603754756.0
tura,25.52,90.22,68.76,92.0,0.0,2.93,IN,1603754601.0
qasigiannguit,68.82,-51.19,19.4,73.0,100.0,5.82,GL,1603754756.0
madona,56.85,26.22,49.87,91.0,100.0,8.93,LV,1603754756.0
keti bandar,24.14,67.45,78.1,57.0,0.0,8.21,PK,1603754645.0
catalina,32.51,-110.92,62.01,17.0,4.0,7.0,US,1603754756.0
la seyne-sur-mer,43.1,5.88,57.99,69.0,0.0,11.01,FR,1603754757.0
katsuura,35.13,140.3,62.6,63.0,75.0,12.75,JP,1603754757.0
malangali,-8.57,34.85,64.56,72.0,95.0,6.29,TZ,1603754757.0
taksimo,56.34,114.88,13.89,87.0,15.0,4.14,RU,1603754757.0
zlobin,45.29,14.65,64.99,72.0,20.0,16.11,HR,1603754757.0
chapleau,47.84,-83.4,24.8,92.0,75.0,4.0,CA,1603754758.0
lakselv,70.05,24.97,32.0,94.0,0.0,23.04,NO,1603754758.0
gazanjyk,39.24,55.52,62.38,29.0,100.0,5.32,TM,1603754758.0
imbituba,-28.24,-48.67,73.4,83.0,40.0,11.41,BR,1603754758.0
hoopstad,-27.83,25.91,68.86,55.0,100.0,4.25,ZA,1603754758.0
nelson bay,-32.72,152.15,64.0,88.0,90.0,17.22,AU,1603754758.0
kruisfontein,-34.0,24.73,64.0,89.0,94.0,4.0,ZA,1603754759.0
teluk nibung,3.0,99.82,76.53,94.0,100.0,4.12,ID,1603754759.0
marsh harbour,26.54,-77.06,82.06,77.0,33.0,7.63,BS,1603754759.0
ginir,7.13,40.7,55.67,86.0,91.0,3.29,ET,1603754759.0
inongo,-1.95,18.27,71.6,94.0,100.0,1.07,CD,1603754760.0
palana,59.12,159.97,37.4,79.0,97.0,8.5,RU,1603754760.0
los alamos,35.89,-106.31,18.0,85.0,90.0,8.05,US,1603754760.0
meulaboh,4.14,96.13,75.9,87.0,93.0,4.38,ID,1603754760.0
san felipe,10.34,-68.74,73.45,91.0,17.0,3.78,VE,1603754760.0
shingu,33.73,135.98,59.0,54.0,20.0,5.82,JP,1603754760.0
kupang,-10.17,123.58,82.4,78.0,20.0,4.7,ID,1603754761.0
librazhd,41.18,20.32,51.8,93.0,0.0,3.36,AL,1603754761.0
zistersdorf,48.53,16.75,54.0,85.0,56.0,4.59,AT,1603754761.0
andra,62.51,65.89,20.55,96.0,95.0,10.16,RU,1603754761.0
noumea,-22.28,166.46,86.0,45.0,0.0,11.41,NC,1603754642.0
stokmarknes,68.56,14.91,46.99,74.0,94.0,5.99,NO,1603754762.0
goya,-29.14,-59.26,65.79,63.0,0.0,6.22,AR,1603754762.0
lumatil,5.87,124.89,82.49,69.0,96.0,2.39,PH,1603754762.0
taua,-5.97,-40.3,85.87,37.0,2.0,11.12,BR,1603754762.0
telhara,21.03,76.84,69.98,53.0,0.0,2.33,IN,1603754762.0
chisinau,47.01,28.86,55.4,100.0,75.0,6.93,MD,1603754707.0
flin flon,54.77,-101.86,26.6,53.0,5.0,6.93,CA,1603754763.0
inhambane,-23.86,35.38,72.43,89.0,0.0,4.68,MZ,1603754763.0
corner brook,48.97,-57.95,37.4,59.0,90.0,5.82,CA,1603754647.0
san joaquin,37.93,-121.3,75.2,7.0,1.0,16.11,US,1603754763.0
koungou,-12.73,45.2,75.2,88.0,0.0,4.7,YT,1603754763.0
sept-iles,50.2,-66.38,32.0,98.0,90.0,4.7,CA,1603754521.0
kilindoni,-7.91,39.67,78.39,82.0,2.0,9.24,TZ,1603754764.0
kjollefjord,70.95,27.35,33.8,80.0,0.0,13.87,NO,1603754764.0
coihaique,-45.58,-72.07,46.4,61.0,40.0,3.36,CL,1603754764.0
agirish,61.92,63.02,21.4,96.0,100.0,11.25,RU,1603754764.0
vostok,46.49,135.88,32.22,96.0,7.0,2.82,RU,1603754764.0
constitucion,-35.33,-72.42,53.15,75.0,64.0,13.82,CL,1603754515.0
ternate,0.8,127.4,82.24,72.0,95.0,3.04,ID,1603754512.0
maykor,59.01,55.88,25.52,92.0,25.0,11.88,RU,1603754765.0
puerto ayacucho,5.66,-67.62,79.18,86.0,87.0,4.72,VE,1603754765.0
rio tuba,8.51,117.43,81.43,82.0,100.0,26.46,PH,1603754765.0
lorengau,-2.02,147.27,81.46,79.0,100.0,5.88,PG,1603754765.0
acajutla,13.59,-89.83,82.4,69.0,20.0,2.24,SV,1603754573.0
sulam,32.61,35.33,67.51,57.0,0.0,1.9,IL,1603754766.0
beidao,34.57,105.89,45.75,73.0,100.0,6.17,CN,1603754766.0
teguldet,57.31,88.17,35.49,98.0,100.0,4.32,RU,1603754766.0
hami,42.8,93.45,37.02,67.0,99.0,4.18,CN,1603754767.0
chilca,-12.52,-76.74,64.4,77.0,0.0,13.87,PE,1603754582.0
samur,41.83,48.49,60.44,84.0,55.0,1.21,RU,1603754767.0
chancay,-11.57,-77.27,64.4,77.0,0.0,13.87,PE,1603754767.0
bilma,18.69,12.92,68.7,24.0,0.0,1.32,NE,1603754767.0
hirado,33.36,129.55,62.01,77.0,75.0,3.36,JP,1603754768.0
muisne,0.6,-80.03,75.15,85.0,83.0,8.46,EC,1603754768.0
raudeberg,61.99,5.14,45.0,90.0,93.0,7.87,NO,1603754768.0
okhotsk,59.38,143.3,28.76,78.0,0.0,15.79,RU,1603754768.0
hastings,50.86,0.57,50.0,82.0,2.0,1.99,GB,1603754769.0
charlestown,-32.95,151.67,64.99,89.0,98.0,1.99,AU,1603754769.0
parabel,58.7,81.48,30.81,98.0,100.0,14.29,RU,1603754769.0
carbondale,37.73,-89.22,42.8,87.0,90.0,10.29,US,1603754596.0
lokoja,7.8,6.74,76.68,83.0,43.0,3.31,NG,1603754769.0
darhan,49.49,105.92,27.5,77.0,0.0,4.29,MN,1603754769.0
zambrow,52.99,22.24,55.0,74.0,20.0,1.99,PL,1603754770.0
gamba,-2.65,10.0,76.06,88.0,100.0,6.91,GA,1603754615.0
great bend,38.36,-98.76,24.01,79.0,90.0,12.75,US,1603754770.0
lethem,3.38,-59.8,86.32,55.0,98.0,7.76,GY,1603754770.0
ust-barguzin,53.45,108.98,23.36,91.0,76.0,3.56,RU,1603754770.0
sorland,67.67,12.69,46.4,81.0,75.0,18.34,NO,1603754771.0
khajuraho,24.85,79.93,70.81,40.0,0.0,2.08,IN,1603754771.0
maltahohe,-24.83,16.98,68.79,26.0,24.0,7.76,NA,1603754771.0
lebu,-37.62,-73.65,52.45,83.0,100.0,5.26,CL,1603754531.0
matara,5.95,80.54,77.0,90.0,78.0,6.62,LK,1603754771.0
buraydah,26.33,43.98,62.6,29.0,0.0,3.47,SA,1603754771.0
presidencia roque saenz pena,-26.79,-60.44,67.35,62.0,0.0,5.66,AR,1603754772.0
bereda,43.27,-7.54,48.99,100.0,96.0,11.99,ES,1603754772.0
aykhal,66.0,111.5,-7.6,83.0,100.0,2.24,RU,1603754531.0
san luis,-33.3,-66.34,67.77,27.0,2.0,4.43,AR,1603754677.0
litovko,49.24,135.17,36.5,87.0,32.0,2.89,RU,1603754772.0
waipawa,-41.41,175.52,51.8,100.0,100.0,21.92,NZ,1603754773.0
portland,45.52,-122.68,55.0,34.0,20.0,3.36,US,1603754540.0
berbera,10.44,45.01,80.31,52.0,0.0,3.27,SO,1603754773.0
gelemso,8.82,40.52,56.8,38.0,48.0,1.12,ET,1603754773.0
sao jose da coroa grande,-8.9,-35.15,77.68,78.0,0.0,17.16,BR,1603754773.0
berberati,4.26,15.79,69.21,96.0,82.0,1.16,CF,1603754773.0
vila franca do campo,37.72,-25.43,68.0,82.0,75.0,16.11,PT,1603754774.0
syracuse,37.09,15.28,63.0,87.0,0.0,8.05,IT,1603754774.0
moville,42.49,-96.07,24.8,79.0,1.0,5.66,US,1603754774.0
naze,28.37,129.48,75.2,57.0,20.0,6.93,JP,1603754774.0
kirakira,-10.45,161.92,84.92,72.0,81.0,4.5,SB,1603754627.0
adrar,20.5,-10.07,87.35,13.0,26.0,6.98,MR,1603754774.0
machico,32.7,-16.77,66.2,72.0,40.0,12.75,PT,1603754775.0
banyuwangi,-8.23,114.36,77.13,85.0,100.0,3.6,ID,1603754775.0
chicama,-7.84,-79.15,67.15,74.0,98.0,6.85,PE,1603754775.0
gola gokarannath,28.08,80.47,63.18,41.0,0.0,4.32,IN,1603754775.0
moron,-34.65,-58.62,64.99,57.0,0.0,3.0,AR,1603754776.0
balykshi,47.07,51.87,30.2,74.0,0.0,4.47,KZ,1603754776.0
teahupoo,-17.83,-149.27,84.2,66.0,75.0,13.87,PF,1603754586.0
eshowe,-28.89,31.47,60.55,98.0,100.0,3.31,ZA,1603754776.0
port augusta,-32.5,137.77,59.0,82.0,90.0,11.41,AU,1603754776.0
puerto del rosario,28.5,-13.86,71.6,83.0,90.0,19.46,ES,1603754777.0
deputatskiy,69.3,139.9,-0.2,88.0,83.0,1.25,RU,1603754777.0
wisconsin rapids,44.38,-89.82,30.2,58.0,90.0,5.82,US,1603754777.0
huarmey,-10.07,-78.15,66.38,76.0,100.0,9.28,PE,1603754576.0
tchollire,8.4,14.17,70.83,52.0,55.0,2.66,CM,1603754777.0
college,64.86,-147.8,28.4,92.0,90.0,5.82,US,1603754777.0
montrose,38.42,-108.27,21.99,66.0,90.0,6.93,US,1603754778.0
fort nelson,58.81,-122.7,32.0,86.0,90.0,3.8,CA,1603754778.0
tiverton,50.9,-3.48,44.6,93.0,0.0,6.93,GB,1603754778.0
pandan,14.05,124.17,78.75,84.0,100.0,5.14,PH,1603754778.0
palamos,41.85,3.13,50.0,93.0,0.0,2.24,ES,1603754778.0
lata,40.16,-8.33,53.01,88.0,98.0,1.01,PT,1603754779.0
kabala,9.58,-11.55,72.12,69.0,86.0,2.13,SL,1603754779.0
verkhnyaya inta,65.98,60.31,13.32,92.0,12.0,4.59,RU,1603754779.0
bluefields,12.01,-83.76,82.4,88.0,40.0,4.7,NI,1603754779.0
libertador general san martin,-23.81,-64.79,78.67,30.0,20.0,7.0,AR,1603754780.0
nishihara,26.18,127.76,75.2,64.0,20.0,5.82,JP,1603754780.0
tandil,-37.32,-59.13,54.48,66.0,0.0,5.3,AR,1603754780.0
verkhnevilyuysk,63.45,120.32,9.75,91.0,97.0,4.97,RU,1603754780.0
zimapan,20.75,-99.35,70.79,38.0,68.0,6.6,MX,1603754780.0
gizo,-8.1,156.84,83.35,71.0,89.0,1.88,SB,1603754780.0
grindavik,63.84,-22.43,39.2,80.0,75.0,18.34,IS,1603754781.0
orel-izumrud,43.46,39.92,64.99,54.0,0.0,13.42,RU,1603754781.0
sakakah,29.97,40.21,73.4,10.0,0.0,5.82,SA,1603754781.0
berdigestyakh,62.1,126.7,9.61,93.0,100.0,7.72,RU,1603754781.0
madang,-5.22,145.8,85.1,62.0,31.0,1.88,PG,1603754781.0
priargunsk,50.37,119.1,27.27,88.0,53.0,11.92,RU,1603754782.0
vanimo,-2.67,141.3,83.68,63.0,16.0,1.99,PG,1603754782.0
